Datetime,Water Level (m)
2025-03-25 12:00:00,0.26979917
2025-03-25 13:00:00,0.2474868
2025-03-25 14:00:00,0.12161838
2025-03-25 15:00:00,-0.07168597
2025-03-25 16:00:00,-0.28666937
2025-03-25 17:00:00,-0.49109715
2025-03-25 18:00:00,-0.62221
2025-03-25 19:00:00,-0.6497922
2025-03-25 20:00:00,-0.5596385
2025-03-25 21:00:00,-0.39651388
2025-03-25 22:00:00,-0.20397073
2025-03-25 23:00:00,-0.03318746
2025-03-26 00:00:00,0.083558954
2025-03-26 01:00:00,0.10156435
2025-03-26 02:00:00,0.011209581
2025-03-26 03:00:00,-0.16331454
2025-03-26 04:00:00,-0.36542386
2025-03-26 05:00:00,-0.54993933
2025-03-26 06:00:00,-0.6748954
2025-03-26 07:00:00,-0.69662035
2025-03-26 08:00:00,-0.57688165
2025-03-26 09:00:00,-0.35363078
2025-03-26 10:00:00,-0.09057055
2025-03-26 11:00:00,0.16100141
2025-03-26 12:00:00,0.3415815
2025-03-26 13:00:00,0.41008312
2025-03-26 14:00:00,0.3345863
2025-03-26 15:00:00,0.13200232
2025-03-26 16:00:00,-0.14323606
2025-03-26 17:00:00,-0.4318173
2025-03-26 18:00:00,-0.6652223
2025-03-26 19:00:00,-0.7961894
2025-03-26 20:00:00,-0.7760452
2025-03-26 21:00:00,-0.6125242
2025-03-26 22:00:00,-0.3603647
2025-03-26 23:00:00,-0.090246506
2025-03-27 00:00:00,0.14076106
2025-03-27 01:00:00,0.2663193
2025-03-27 02:00:00,0.2586729
2025-03-27 03:00:00,0.10212119
2025-03-27 04:00:00,-0.15103234
2025-03-27 05:00:00,-0.4202735
2025-03-27 06:00:00,-0.6520663
2025-03-27 07:00:00,-0.7873599
2025-03-27 08:00:00,-0.7718157
2025-03-27 09:00:00,-0.59243715
2025-03-27 10:00:00,-0.3021001
2025-03-27 11:00:00,0.022271495
2025-03-27 12:00:00,0.31221908
2025-03-27 13:00:00,0.49443743
2025-03-27 14:00:00,0.5201386
2025-03-27 15:00:00,0.36651006
2025-03-27 16:00:00,0.07658797
2025-03-27 17:00:00,-0.27264142
2025-03-27 18:00:00,-0.5991348
2025-03-27 19:00:00,-0.8371526
2025-03-27 20:00:00,-0.92509747
2025-03-27 21:00:00,-0.82145494
2025-03-27 22:00:00,-0.56959915
2025-03-27 23:00:00,-0.23417775
2025-03-28 00:00:00,0.095648244
2025-03-28 01:00:00,0.34416878
2025-03-28 02:00:00,0.44940045
2025-03-28 03:00:00,0.3776483
2025-03-28 04:00:00,0.1410831
2025-03-28 05:00:00,-0.18004808
2025-03-28 06:00:00,-0.50288695
2025-03-28 07:00:00,-0.7646358
2025-03-28 08:00:00,-0.8781962
2025-03-28 09:00:00,-0.80831033
2025-03-28 10:00:00,-0.5597534
2025-03-28 11:00:00,-0.1967813
2025-03-28 12:00:00,0.19470814
2025-03-28 13:00:00,0.49129423
2025-03-28 14:00:00,0.62648344
2025-03-28 15:00:00,0.58263683
2025-03-28 16:00:00,0.33891666
2025-03-28 17:00:00,-0.035096306
2025-03-28 18:00:00,-0.43648502
2025-03-28 19:00:00,-0.76644063
2025-03-28 20:00:00,-0.97704285
2025-03-28 21:00:00,-0.9949288
2025-03-28 22:00:00,-0.802055
2025-03-28 23:00:00,-0.45649323
2025-03-29 00:00:00,-0.06757609
2025-03-29 01:00:00,0.29093
2025-03-29 02:00:00,0.5296958
2025-03-29 03:00:00,0.5683124
2025-03-29 04:00:00,0.41418815
2025-03-29 05:00:00,0.10889195
2025-03-29 06:00:00,-0.2672795
2025-03-29 07:00:00,-0.6314976
2025-03-29 08:00:00,-0.87599796
2025-03-29 09:00:00,-0.9544889
2025-03-29 10:00:00,-0.8214269
2025-03-29 11:00:00,-0.51508975
2025-03-29 12:00:00,-0.11537851
2025-03-29 13:00:00,0.2545492
2025-03-29 14:00:00,0.51878303
2025-03-29 15:00:00,0.60516626
2025-03-29 16:00:00,0.47136554
2025-03-29 17:00:00,0.15280327
2025-03-29 18:00:00,-0.2555278
2025-03-29 19:00:00,-0.65909487
2025-03-29 20:00:00,-0.9760615
2025-03-29 21:00:00,-1.1286248
2025-03-29 22:00:00,-1.0601461
2025-03-29 23:00:00,-0.7833878
2025-03-30 00:00:00,-0.37660828
2025-03-30 01:00:00,0.057258792
2025-03-30 02:00:00,0.40990448
2025-03-30 03:00:00,0.59569746
2025-03-30 04:00:00,0.5784575
2025-03-30 05:00:00,0.3593178
2025-03-30 06:00:00,0.0048380997
2025-03-30 07:00:00,-0.39554167
2025-03-30 08:00:00,-0.73624456
2025-03-30 09:00:00,-0.94483536
2025-03-30 10:00:00,-0.9634202
2025-03-30 11:00:00,-0.77128935
2025-03-30 12:00:00,-0.41733068
2025-03-30 13:00:00,-0.018815069
2025-03-30 14:00:00,0.33380443
2025-03-30 15:00:00,0.5430509
2025-03-30 16:00:00,0.54359674
2025-03-30 17:00:00,0.3315864
2025-03-30 18:00:00,-0.02675462
2025-03-30 19:00:00,-0.43914545
2025-03-30 20:00:00,-0.8294293
2025-03-30 21:00:00,-1.0915984
2025-03-30 22:00:00,-1.155581
2025-03-30 23:00:00,-1.0025911
2025-03-31 00:00:00,-0.6653739
2025-03-31 01:00:00,-0.23083022
2025-03-31 02:00:00,0.19165018
2025-03-31 03:00:00,0.5038521
2025-03-31 04:00:00,0.6198742
2025-03-31 05:00:00,0.53913164
2025-03-31 06:00:00,0.26814088
2025-03-31 07:00:00,-0.10921206
2025-03-31 08:00:00,-0.4901184
2025-03-31 09:00:00,-0.79371023
2025-03-31 10:00:00,-0.94628954
2025-03-31 11:00:00,-0.9033768
2025-03-31 12:00:00,-0.6684884
